timestamp_ms,frame,dataset,face_det_ms,gaze_est_ms,blink_det_ms,num_faces,pitch_deg,yaw_deg,ear,blink_rate_bps,engagement_score,engagement_level
1759953401351,1,,95.71480751037598,187.67499923706055,16.07823371887207,1,-1.0556488037109375,2.9255828857421875,27.577571184073093,0.0,100.0,1
1759953401739,2,,126.55282020568848,15.556812286376953,10.055065155029297,1,-0.4116668701171875,0.014129638671875,27.380400825910655,0.0,100.0,1
1759953401941,3,,113.49892616271973,9.029865264892578,10.050773620605469,1,-1.3012542724609375,-1.5770263671875,28.066660806180018,0.0,100.0,1
1759953402115,4,,119.09246444702148,21.073102951049805,10.043144226074219,1,0.02642822265625,-0.720458984375,27.97975971208403,0.0,100.0,1
1759953402296,5,,133.11314582824707,12.038469314575195,9.033441543579102,1,1.3492584228515625,-2.2471466064453125,27.239429253429503,0.0,100.0,1
1759953402487,6,,128.07106971740723,10.036706924438477,7.536649703979492,1,-0.4752655029296875,3.07623291015625,27.607273715219137,0.0,100.0,1
1759953402674,7,,118.46923828125,10.033130645751953,8.028030395507812,1,-1.6139984130859375,2.5586395263671875,26.959279406668564,0.0,100.0,1
1759953402848,8,,121.99616432189941,16.048431396484375,7.520914077758789,1,-0.859375,-0.782501220703125,26.75916318920586,0.0,100.0,1
1759953403026,9,,97.39232063293457,9.018421173095703,9.035825729370117,1,-1.3294830322265625,0.5457000732421875,26.905820130342534,0.0,100.0,1
1759953403175,10,,99.89786148071289,11.530399322509766,7.023334503173828,1,-1.9346923828125,-1.6776275634765625,26.895105321549448,0.0,100.0,1
1759953403328,11,,122.0393180847168,8.044242858886719,9.030342102050781,1,-2.0719757080078125,-6.9744720458984375,25.535658711993364,0.0,100.0,1
1759953403505,12,,112.51592636108398,14.551401138305664,9.03630256652832,1,0.3397064208984375,-18.681045532226562,24.18878518500987,0.0,96.8416876048223,1
1759953403676,13,,100.93522071838379,17.041444778442383,8.075714111328125,1,-1.0622100830078125,-18.61322021484375,23.711186139730625,0.0,92.85514328038016,1
1759953403833,14,,146.2533473968506,22.05801010131836,6.522655487060547,1,3.575653076171875,-27.010528564453125,24.225124664209044,0.0,88.67950201917839,1
1759953404041,15,,133.1937313079834,15.047073364257812,13.555765151977539,1,-0.079132080078125,-29.504196166992188,25.066980100679082,0.0,84.62235158114055,1
1759953404243,16,,119.99773979187012,11.047124862670898,8.535623550415039,1,3.0433349609375,-31.012115478515625,25.98179671404598,0.0,80.8295716741375,1
1759953404418,17,,128.21292877197266,12.56561279296875,7.523775100708008,1,-2.0597686767578125,-34.5985107421875,26.80987872882839,0.0,77.3604513232012,1
1759953404608,18,,109.06648635864258,10.026216506958008,7.532596588134766,1,-4.882965087890625,-36.68267822265625,27.496604318842635,0.0,74.22732779711014,2
1759953404773,19,,101.52339935302734,9.034872055053711,7.036447525024414,1,-0.5264892578125,-36.99650573730469,28.417541016443536,0.0,71.4178142412465,2
1759953404925,20,,92.94843673706055,11.047124862670898,6.521940231323242,1,0.1082611083984375,-39.819061279296875,28.764390817998013,0.0,68.90750765755269,2
1759953405070,21,,97.45097160339355,9.02557373046875,5.515336990356445,1,-4.553375244140625,-41.796539306640625,29.301888351036446,0.0,66.66723007980073,2
1759953405217,22,,94.40493583679199,13.02957534790039,6.5212249755859375,1,-6.248199462890625,-38.60235595703125,28.750185874732487,0.0,64.6670610558605,2
1759953405406,23,,118.75200271606445,11.039972305297852,10.051965713500977,1,-6.026702880859375,-36.92527770996094,29.391150841852518,0.0,62.878475271343376,2
1759953405598,24,,226.50694847106934,14.54615592956543,10.039329528808594,1,-4.710113525390625,-38.97758483886719,28.983528982753686,0.0,61.275367504165004,2
1759953405895,25,,99.98202323913574,9.031295776367188,6.006717681884766,1,-7.67877197265625,-39.73493957519531,28.838875078140255,0.0,59.83443557787769,2
1759953406050,26,,110.04114151000977,17.067670822143555,7.029056549072266,1,-7.581512451171875,-40.402008056640625,29.38068950062243,0.0,58.53520507866858,2
1759953406221,27,,109.1012954711914,9.530067443847656,8.04281234741211,1,-4.6269989013671875,-42.207122802734375,29.283153582335352,0.0,57.359865963640985,2
1759953406393,28,,105.6218147277832,8.534669876098633,6.523609161376953,1,-7.6510009765625,-37.743072509765625,29.99213667468209,0.0,56.29302167501068,2
1759953406566,29,,133.74829292297363,29.14142608642578,9.550809860229492,1,-4.433258056640625,-40.44891357421875,29.11322543032611,0.0,55.321408838823956,2
1759953406773,30,,143.7547206878662,8.534669876098633,8.057117462158203,1,-5.212615966796875,-38.226348876953125,29.89519444545849,0.0,54.43361972821658,2
1759953406977,31,,98.47784042358398,10.040521621704102,6.536245346069336,1,-1.6146240234375,-38.44081115722656,29.73885302920529,0.0,53.61984407281135,2
1759953407135,32,,105.50928115844727,10.027408599853516,5.523443222045898,1,-4.8001556396484375,-37.11714172363281,29.245538064073813,0.0,52.87163757217344,2
1759953407307,33,,150.32482147216797,11.53254508972168,7.541656494140625,1,3.010223388671875,-35.10163879394531,28.678748950760422,0.0,52.181719175775214,2
1759953407527,34,,127.13766098022461,11.031627655029297,7.53021240234375,1,1.449493408203125,-38.824188232421875,28.927596876397683,0.0,51.54379629588026,2
1759953407715,35,,130.1741600036621,10.058403015136719,8.031606674194336,1,-0.5667724609375,-33.442718505859375,29.183009783065394,0.0,50.95241566838386,2
1759953407920,36,,186.10477447509766,14.54782485961914,12.059450149536133,1,-4.160003662109375,-36.51731872558594,29.165487810656284,0.0,50.40283697590586,2
1759953408170,37,,126.15776062011719,21.588802337646484,9.056329727172852,1,0.68994140625,-42.877288818359375,28.20208821526693,0.0,49.890926230384736,3
1759953408375,38,,111.5577220916748,20.06244659423828,6.534337997436523,1,0.631561279296875,-39.282135009765625,29.63244375730333,0.0,49.41306605501446,3
1759953408545,39,,112.56027221679688,10.029315948486328,9.043455123901367,1,3.477508544921875,-38.9296875,28.442759772323885,0.0,48.966080273158695,3
1759953408718,40,,108.05535316467285,12.543916702270508,7.513761520385742,1,4.412750244140625,-44.84001159667969,29.150763889403983,0.0,48.54717052628732,3
1759953408891,41,,92.87118911743164,12.036561965942383,7.032155990600586,1,-7.32183837890625,-41.615478515625,29.555428549401448,0.0,48.15386295992527,3
1759953409048,42,,97.01800346374512,8.031129837036133,7.512092590332031,1,-6.3200836181640625,-39.9271240234375,30.10137913380619,0.0,47.78396331300206,3
1759953409207,43,,96.43745422363281,7.526636123657227,6.539106369018555,1,-6.4304046630859375,-40.11018371582031,29.47020333592004,0.0,47.43551901129302,3
1759953409364,44,,110.18109321594238,13.06009292602539,6.525516510009766,1,-2.676666259765625,-37.67515563964844,28.34338890134931,0.0,47.10678709655179,3
1759953409553,45,,122.7567195892334,8.043289184570312,7.030010223388672,1,-8.190521240234375,-46.10389709472656,29.872148578121195,0.0,46.79620702014442,3
1759953409740,46,,150.43044090270996,10.04648208618164,8.038997650146484,1,-9.168411254882812,-43.640869140625,29.919091709742005,0.0,46.50237749622954,3
1759953409961,47,,104.41112518310547,10.029315948486328,8.042573928833008,1,-10.7596435546875,-43.66889953613281,28.73043894697627,0.0,46.22403674836505,3
1759953410119,48,,101.48429870605469,10.025739669799805,6.515741348266602,1,-8.615325927734375,-42.11981201171875,29.894847993328614,0.0,45.960045598626536,3
1759953410276,49,,101.00531578063965,9.02414321899414,7.040739059448242,1,-8.98516845703125,-41.04156494140625,28.633071185155657,0.0,45.709372943496426,3
1759953410432,50,,98.0379581451416,12.043476104736328,7.032871246337891,1,-6.435760498046875,-40.9908447265625,28.609607533466612,0.0,45.47108323918254,3
1759953410588,51,,105.5915355682373,11.53421401977539,7.521152496337891,1,-8.316986083984375,-41.32646179199219,28.886823387990248,0.0,45.24432568349801,3
1759953410745,52,,108.04033279418945,7.527828216552734,7.5244903564453125,1,-1.9356536865234375,-36.89935302734375,29.595071800340214,0.0,45.02832483441838,3
1759953410902,53,,101.99904441833496,8.033037185668945,6.032466888427734,1,-6.759246826171875,-42.627716064453125,28.99251779396169,0.0,44.82237244897535,3
1759953411060,54,,96.99034690856934,9.024381637573242,5.533456802368164,1,-5.73785400390625,-40.09754943847656,29.0962743172213,0.0,44.62582036195702,3
1759953411202,55,,94.46597099304199,7.526636123657227,7.014036178588867,1,-3.9351806640625,-37.71315002441406,29.661256030597684,0.0,44.43807425336991,3
1759953411343,56,,99.98679161071777,8.034944534301758,7.52568244934082,1,-7.8143157958984375,-42.8072509765625,29.159293040006528,0.0,44.25858817793533,3
1759953411501,57,,95.48163414001465,9.026765823364258,6.022930145263672,1,-7.943695068359375,-38.500335693359375,29.5569325142154,0.0,44.08685974998589,3
1759953411641,58,,92.86284446716309,8.02469253540039,7.032155990600586,1,-6.404815673828125,-40.305450439453125,29.527674633060258,0.0,43.922425893769,3
1759953411784,59,,92.86761283874512,8.018970489501953,7.01451301574707,1,-9.485885620117188,-40.03924560546875,28.992727236651163,0.0,43.76485908297876,3
1759953411925,60,,86.3332748413086,7.518529891967773,7.02977180480957,1,-6.253173828125,-36.6226806640625,29.32983637411072,0.0,43.61376400483635,3
1759953412066,61,,92.8640365600586,7.025718688964844,7.030725479125977,1,-7.1616058349609375,-38.3466796875,28.677222778646676,0.0,43.46877459363621,3
1759953412207,62,,91.35007858276367,7.51185417175293,6.51860237121582,1,-4.959442138671875,-35.57196044921875,28.57190697760811,0.0,43.32955138670786,3
1759953412348,63,,89.83850479125977,7.512569427490234,6.516218185424805,1,-6.3272705078125,-38.10987854003906,29.151312899123834,0.0,43.195779162485714,3
1759953412489,64,,89.88547325134277,7.528781890869141,6.515979766845703,1,-4.571990966796875,-38.49650573730469,28.94329943454681,0.0,43.067164826055695,3
1759953412630,65,,97.95355796813965,8.53872299194336,7.528066635131836,1,-6.79815673828125,-32.65260314941406,28.940274901168927,0.0,42.943435512339796,3
1759953412788,66,,98.94895553588867,10.040044784545898,6.5174102783203125,1,-5.8264923095703125,-34.23808288574219,28.590263137524424,0.0,42.824336881138066,3
1759953412944,67,,97.89681434631348,7.513284683227539,7.513284683227539,1,-7.063446044921875,-35.27302551269531,28.80609363916848,0.0,42.709631581693806,3
1759953413101,68,,95.40295600891113,8.519411087036133,7.034778594970703,1,-9.141128540039062,-34.932037353515625,28.978163566422708,0.0,42.599097867382916,3
1759953413258,69,,101.96328163146973,10.02192497253418,5.519628524780273,1,-9.105499267578125,-40.409027099609375,28.31965564474669,0.0,42.49252834363498,3
1759953413415,70,,116.63269996643066,9.02557373046875,7.531881332397461,1,-8.981124877929688,-36.79669189453125,29.35445858087455,0.0,42.38972883434043,3
1759953413600,71,,218.31083297729492,9.033203125,17.57192611694336,1,-5.61395263671875,-35.61332702636719,29.081083461180143,0.0,42.29051735384138,3
1759953413886,72,,87.33391761779785,7.510900497436523,7.028102874755859,1,-8.393630981445312,-29.880279541015625,29.311648593721593,0.0,42.194723173190866,3
1759953414027,73,,91.85528755187988,9.03630256652832,6.526947021484375,1,-3.7206268310546875,-30.806396484375,28.436832245026277,0.0,42.10218597073488,3
1759953414168,74,,89.86496925354004,10.0250244140625,7.514715194702148,1,2.04461669921875,-28.272598266601562,29.298505003546474,0.0,42.01275505825687,3
1759953414309,75,,86.3497257232666,7.519006729125977,8.018016815185547,1,-1.0606842041015625,-21.529006958007812,29.33861290107985,0.0,41.92628867495235,3
1759953414450,76,,88.34719657897949,7.512807846069336,5.522966384887695,1,0.6888427734375,-17.6964111328125,29.981937432014412,0.0,41.84265334239492,3
1759953414593,77,,97.9616641998291,9.521245956420898,7.52711296081543,1,0.3294677734375,-15.579696655273438,29.702675053146578,0.0,41.76172327443372,3
1759953414749,78,,99.96747970581055,10.047197341918945,6.517887115478516,1,1.31549072265625,-15.395889282226562,29.3488805807539,0.0,41.68337983664234,3
1759953414921,79,,110.99910736083984,9.037256240844727,8.033275604248047,1,-0.618072509765625,-12.975341796875,30.050507464267426,0.0,41.75900686609148,3
1759953415093,80,,100.45766830444336,7.030010223388672,5.518198013305664,1,-1.129638671875,-14.2884521484375,30.58886400572737,0.0,41.94285162175798,3
1759953415251,81,,97.70655632019043,9.026765823364258,6.026029586791992,1,-1.27960205078125,-6.8964996337890625,30.167984282755164,0.0,42.07154295072453,3
1759953415405,82,,116.10150337219238,7.521867752075195,6.552696228027344,1,0.6224517822265625,-4.4243316650390625,29.887688914629997,0.0,42.16162688100111,3
1759953415580,83,,116.55640602111816,8.53109359741211,7.026433944702148,1,3.1935577392578125,-3.08734130859375,30.071332133109777,0.0,42.22468563219472,3
1759953415752,84,,118.04962158203125,9.041070938110352,8.031845092773438,1,0.4554901123046875,-4.087646484375,30.6524066595558,0.0,42.268826758030244,3
1759953415939,85,,102.94699668884277,8.527517318725586,5.513906478881836,1,2.530364990234375,-3.6878509521484375,30.61548895750473,0.0,42.29972554611511,3
1759953416097,86,,91.87698364257812,9.02414321899414,5.008697509765625,1,1.127471923828125,-0.413177490234375,29.625780102216297,0.0,42.321354697774524,3
1759953416238,87,,86.83657646179199,9.033441543579102,6.016016006469727,1,1.841094970703125,-2.638916015625,29.304232242287874,0.0,42.33649510393611,3
1759953416379,88,,92.37790107727051,9.020328521728516,6.522893905639648,1,1.70245361328125,-1.6685791015625,29.23888826831218,0.0,42.34709338824922,3
1759953416541,89,,105.50713539123535,8.526325225830078,8.04448127746582,1,2.566009521484375,-1.5843353271484375,29.15502832865622,0.0,42.3545121872684,3
1759953416708,90,,96.46844863891602,8.034229278564453,5.518198013305664,1,-0.1606903076171875,-0.5253448486328125,28.59170162741969,0.0,42.35970534658182,3
1759953416865,91,,101.47285461425781,10.53619384765625,6.510257720947266,1,1.1699981689453125,-2.7130584716796875,29.087311852820882,0.0,42.363340558101214,3
1759953417021,92,,206.437349319458,10.038614273071289,8.040428161621094,1,0.0467987060546875,-0.457672119140625,29.587381817703253,0.0,42.52453576763525,3
1759953417303,93,,252.6681423187256,30.6549072265625,17.086267471313477,1,0.1242218017578125,-0.6323089599609375,29.21727233166468,0.0,42.800300787945275,3
1759953417693,94,,121.09565734863281,10.55598258972168,12.05301284790039,1,-0.7642822265625,0.4914398193359375,30.053062079953605,0.0,43.16021055156169,3
1759953417885,95,,125.49996376037598,10.02955436706543,9.03773307800293,1,0.3294677734375,0.7286376953125,30.012978274566237,0.0,43.582687160300146,3
1759953418084,96,,104.48431968688965,11.031150817871094,7.519245147705078,1,-0.4346466064453125,-1.0318450927734375,29.204460927749274,0.0,44.05238704893659,3
1759953418243,97,,100.98099708557129,9.030342102050781,6.520271301269531,1,-0.110626220703125,-1.5198822021484375,28.859389021474154,0.0,44.55836425467323,3
1759953418400,98,,95.9312915802002,8.515357971191406,7.0362091064453125,1,-0.5784454345703125,-1.466156005859375,28.93134391389534,0.0,45.092778766917945,3
1759953418560,99,,133.58759880065918,9.019613265991211,15.565872192382812,1,0.4897308349609375,-0.498199462890625,29.17181949828899,0.0,45.64998775082285,3
1759953418760,100,,91.35150909423828,9.031534194946289,5.5217742919921875,1,-0.44415283203125,1.6228179931640625,28.453953374023826,0.0,46.22590576065223,3
1759953418901,101,,87.31818199157715,9.522438049316406,6.016731262207031,1,-1.604217529296875,1.121826171875,29.05626178757505,0.0,46.81755398392181,3
1759953419042,102,,90.36636352539062,7.518529891967773,7.020235061645508,1,-1.0116119384765625,0.930389404296875,28.635509980742256,0.0,47.42274237177176,3
1759953419184,103,,93.88160705566406,6.515026092529297,6.515264511108398,1,-2.107421875,1.1891326904296875,29.15876331228472,0.0,48.039845227579356,3
1759953419325,104,,90.8348560333252,7.026433944702148,6.524085998535156,1,-1.1005706787109375,0.9566192626953125,28.7518032503854,0.0,48.667642560026266,3
1759953419467,105,,89.8749828338623,7.016420364379883,6.016254425048828,1,1.5715179443359375,0.4976959228515625,28.400984741424274,0.0,49.305207744111726,3
1759953419608,106,,87.38446235656738,8.020639419555664,7.513999938964844,1,0.330657958984375,-1.473114013671875,28.81570146130634,0.0,49.95182781662737,3
1759953419750,107,,97.50151634216309,6.525993347167969,7.022380828857422,1,0.2789459228515625,0.9534454345703125,29.342219464661923,0.0,50.60694679318475,2
1759953419907,108,,100.0063419342041,9.026765823364258,6.520509719848633,1,-0.665679931640625,-1.2042999267578125,29.086338064781273,0.0,51.27012524557376,2
1759953420065,109,,94.93255615234375,7.017612457275391,6.023406982421875,1,0.222259521484375,-0.76422119140625,28.866715468879,0.0,51.94101138141586,2
1759953420220,110,,100.98838806152344,8.521080017089844,5.518913269042969,1,-0.9673614501953125,-0.0113067626953125,29.039357167746275,0.0,52.61932027565128,2
1759953420377,111,,96.43936157226562,8.028745651245117,6.518125534057617,1,-1.88043212890625,-1.386871337890625,29.230330160416734,0.0,53.304818892828614,2
1759953420534,112,,99.65968132019043,6.518363952636719,6.511926651000977,1,-0.2584075927734375,-3.4159088134765625,28.70163713032096,0.0,53.99731523498724,2
1759953420692,113,,89.85424041748047,9.031057357788086,6.014108657836914,1,0.168182373046875,-4.2743072509765625,28.693799937751756,0.0,54.696650439543404,2
1759953420832,114,,89.89214897155762,8.019208908081055,7.025241851806641,1,-0.736358642578125,-0.7217559814453125,29.51789045225337,0.0,55.40269299636052,2
1759953420973,115,,91.85147285461426,8.036375045776367,6.520986557006836,1,-0.8115081787109375,-2.231048583984375,28.89468928011444,0.0,56.11533449617549,2
1759953421115,116,,91.37821197509766,7.025003433227539,5.513668060302734,1,-0.15826416015625,-2.14666748046875,28.49543470583438,0.0,56.83448649400711,2
1759953421255,117,,87.33916282653809,6.510257720947266,7.057666778564453,1,-0.4703826904296875,3.845367431640625,28.564114896971724,0.0,57.56007819233514,2
1759953421398,118,,87.85533905029297,7.017612457275391,5.003929138183594,1,-0.384613037109375,-2.3818817138671875,28.726186550734475,0.0,58.2920547346346,2
1759953421540,119,,89.89429473876953,8.031606674194336,5.51295280456543,1,-0.51953125,0.7315521240234375,27.87806203371818,0.0,59.03037596077438,2
1759953421681,120,,95.43251991271973,6.506681442260742,7.026433944702148,1,-0.826995849609375,-1.6240081787109375,28.552961580413992,0.0,59.77501551922633,2
1759953421838,121,,97.91135787963867,9.025335311889648,6.519079208374023,1,0.52606201171875,-2.314361572265625,28.397621347294205,0.0,60.525960262181556,2
1759953421995,122,,93.42265129089355,10.03408432006836,5.511045455932617,1,0.45343017578125,0.26763916015625,28.60473230745853,0.0,61.28320987220722,2
1759953422138,123,,100.45289993286133,8.520126342773438,5.509853363037109,1,-1.6475982666015625,1.398651123046875,28.28579327766957,0.0,62.04677668559739,2
1759953422294,124,,107.05375671386719,8.03995132446289,7.529735565185547,1,0.111480712890625,1.4750823974609375,29.21748373006941,0.0,62.81668568992539,2
1759953422467,125,,101.0289192199707,11.04426383972168,7.073640823364258,1,-0.962432861328125,-4.076690673828125,29.18689196798917,0.0,63.59297468282048,2
1759953422625,126,,94.49505805969238,7.512092590332031,7.023811340332031,1,-1.1495819091796875,2.8469696044921875,28.9446872775438,0.0,64.37569458663452,2
1759953422783,127,,98.00004959106445,10.03885269165039,6.529092788696289,1,-1.170654296875,2.1320953369140625,29.82821036373683,0.0,65.16490992015841,2
1759953422941,128,,95.55268287658691,10.030031204223633,7.042884826660156,1,-2.73651123046875,1.573394775390625,29.53118292528119,0.0,65.96069943445532,2
1759953423096,129,,89.93053436279297,7.031679153442383,5.529165267944336,1,-3.1697845458984375,-2.498382568359375,28.642695047714163,0.0,66.7631569256643,2
1759953423238,130,,89.86067771911621,7.513523101806641,5.511999130249023,1,-1.967132568359375,-0.9830474853515625,29.060896086936303,0.0,67.57239224371418,2
1759953423379,131,,96.89593315124512,7.520198822021484,7.5168609619140625,1,-1.1690826416015625,0.186248779296875,29.43074571407662,0.0,68.38853252269325,2
1759953423537,132,,95.42417526245117,9.013175964355469,5.0106048583984375,1,-2.311767578125,-1.2680511474609375,29.611849656306916,0.0,69.21172366660599,2
1759953423693,133,,105.50951957702637,10.036945343017578,5.962133407592773,1,-5.426300048828125,-1.9818115234375,27.740217463580606,0.0,70.04213213396332,2
1759953423848,134,,96.47750854492188,8.021116256713867,6.512641906738281,1,-13.205947875976562,-5.6659698486328125,27.373288417225844,0.0,70.62341806111344,2
1759953424005,135,,98.97255897521973,8.526802062988281,6.530523300170898,1,-19.29559326171875,-8.808319091796875,25.68916563858394,0.0,71.03031821011852,2
1759953424164,136,,99.96747970581055,9.029388427734375,7.521629333496094,1,-22.788726806640625,-11.718643188476562,25.11201033926494,0.0,71.31514831442209,2
1759953424319,137,,98.98829460144043,8.023500442504883,6.510257720947266,1,-23.441162109375,-10.580978393554688,25.2624812550437,0.0,71.51452938743458,2
1759953424475,138,,95.98255157470703,8.531570434570312,6.002187728881836,1,-29.075714111328125,-12.2960205078125,25.527842388701053,0.0,71.65409613854332,2
1759953424630,139,,90.36064147949219,7.012367248535156,5.515575408935547,1,-28.920440673828125,-12.105209350585938,26.138781591887927,0.0,71.75179286431944,2
1759953424770,140,,90.36135673522949,7.526159286499023,6.529569625854492,1,-28.668914794921875,-12.232574462890625,26.26197448262174,0.0,71.82018057236273,2
1759953424913,141,,91.38274192810059,8.536100387573242,5.008697509765625,1,-31.080902099609375,-12.87017822265625,27.639358193680444,0.0,71.86805196799303,2
1759953425070,142,,106.96887969970703,9.042739868164062,10.04338264465332,1,-29.754196166992188,-12.397537231445312,28.491427072968804,0.0,71.90156194493424,2
1759953425239,143,,97.42951393127441,7.515907287597656,6.512165069580078,1,-34.417236328125,-11.398941040039062,29.462973792781092,0.0,71.9250189287931,2
1759953425396,144,,92.85521507263184,8.016347885131836,7.024288177490234,1,-34.25996398925781,-11.67095947265625,28.920444832877862,0.0,71.94143881749429,2
1759953425537,145,,101.97949409484863,8.031129837036133,6.519079208374023,1,-39.8709716796875,-11.653167724609375,30.22561846973531,0.0,71.95293273958512,2
1759953425694,146,,100.94523429870605,8.5296630859375,5.510568618774414,1,-41.22711181640625,-12.88873291015625,31.16509549936997,0.0,71.96097848504871,2
1759953425851,147,,96.52137756347656,7.523536682128906,7.030963897705078,1,-41.56317138671875,-14.452362060546875,31.550019580529227,0.0,71.96661050687322,2
1759953426008,148,,98.02484512329102,9.031057357788086,6.518363952636719,1,-44.26982116699219,-12.851913452148438,32.13691184302656,0.0,71.97055292215038,2
1759953426165,149,,96.95267677307129,9.021997451782227,8.565902709960938,1,-43.092498779296875,-11.3355712890625,31.300870024793618,0.0,71.97331261284438,2
1759953426322,150,,96.44484519958496,9.018421173095703,6.030559539794922,1,-40.35740661621094,-10.999801635742188,32.24732744267378,0.0,71.97524439633018,2
1759953426480,151,,99.97797012329102,10.029077529907227,5.523443222045898,1,-45.03681945800781,-13.621749877929688,31.321891817403163,0.0,71.97659664477025,2
1759953426636,152,,88.37294578552246,8.028984069824219,7.010698318481445,1,-45.67427062988281,-12.691925048828125,31.070056485499784,0.0,71.97754321867829,2
1759953426778,153,,91.84050559997559,8.034944534301758,6.5097808837890625,1,-42.74501037597656,-12.097747802734375,30.687403349847123,0.0,71.97820582041392,2
1759953426919,154,,89.87212181091309,6.511926651000977,6.516933441162109,1,-44.322113037109375,-11.600677490234375,31.608186651506845,0.0,71.97866964162887,2
1759953427060,155,,90.36755561828613,8.040428161621094,6.522178649902344,1,-48.23432922363281,-11.598648071289062,31.62777084617368,0.0,71.97899431647933,2
1759953427201,156,,91.39347076416016,8.026361465454102,5.511760711669922,1,-48.624664306640625,-10.598175048828125,33.27827174294353,0.0,71.97922158887465,2
1759953427343,157,,89.33615684509277,8.028745651245117,6.009340286254883,1,-50.395050048828125,-10.333786010742188,31.030355371628715,0.0,71.97938067955138,2
1759953427484,158,,95.40987014770508,10.030269622802734,6.511926651000977,1,-48.46685791015625,-11.722702026367188,32.50208441662251,0.0,71.97949204302509,2
1759953427643,159,,94.93517875671387,9.01937484741211,5.52058219909668,1,-50.34733581542969,-11.541839599609375,33.47209119761906,0.0,71.72539533083828,2
1759953427798,160,,99.49803352355957,8.524417877197266,6.2103271484375,1,-51.131072998046875,-12.17877197265625,34.177035323404986,0.0,71.29563468368013,2
1759953427955,161,,93.97625923156738,7.552862167358398,6.005048751831055,1,-48.48475646972656,-10.753402709960938,33.86911577616494,0.0,70.74512667432526,2
1759953428112,162,,97.46551513671875,8.040189743041992,5.012750625610352,1,-50.27256774902344,-12.305999755859375,36.324458315866615,0.0,70.11225599357327,2
1759953428268,163,,97.9912281036377,8.530855178833008,7.551431655883789,1,-51.05708312988281,-11.232025146484375,35.55515026623042,0.0,69.42384168584572,2
1759953428425,164,,96.42672538757324,7.506847381591797,7.523298263549805,1,-45.97190856933594,-11.117340087890625,34.39667443807201,0.0,68.69861288960624,2
1759953428583,165,,93.0793285369873,12.527704238891602,6.028175354003906,1,-53.83056640625,-12.378387451171875,36.33868636490831,0.0,67.94964133138454,2
1759953428723,166,,93.86396408081055,10.023355484008789,6.515026092529297,1,-47.00286865234375,-10.807296752929688,39.82744471153294,0.0,67.1860436318419,2
1759953428864,167,,90.3620719909668,8.02922248840332,5.510091781616211,1,-51.2559814453125,-10.144027709960938,37.68480037855967,0.0,66.41417255229655,2
1759953429006,168,,92.90194511413574,8.023262023925781,7.033109664916992,1,-48.274993896484375,-10.74029541015625,38.64215790101527,0.0,65.63845056165992,2
1759953429160,169,,91.36605262756348,8.523941040039062,5.523443222045898,1,-48.073486328125,-9.387542724609375,36.97315257014041,0.0,64.86195308184209,2
1759953429300,170,,92.36884117126465,7.529258728027344,5.516767501831055,1,-48.88169860839844,-9.931167602539062,37.29118074182793,0.0,64.0868165560126,2
1759953429440,171,,92.43369102478027,11.05356216430664,5.518198013305664,1,-49.88529968261719,-13.207565307617188,39.14479022209286,0.0,63.314523935893085,2
1759953429584,172,,103.00326347351074,9.027957916259766,8.016824722290039,1,-43.6644287109375,-10.474868774414062,38.25941399562214,0.0,62.54610440165533,2
1759953429739,173,,96.47345542907715,10.02192497253418,6.514310836791992,1,-40.579315185546875,-8.336273193359375,43.328717062430684,0.0,61.78227308115873,2
1759953429897,174,,96.46344184875488,8.033037185668945,6.527185440063477,1,-41.005767822265625,-11.738372802734375,39.28885039131784,0.0,61.02352880334128,2
1759953430055,175,,96.63867950439453,8.02469253540039,6.5174102783203125,1,-41.7088623046875,-13.572738647460938,41.75071749888126,0.0,60.270222509023164,2
1759953430213,176,,98.95896911621094,9.020566940307617,6.522655487060547,1,-46.334808349609375,-11.26116943359375,39.86073125740035,0.0,59.522605155039344,2
1759953430368,177,,95.4747200012207,8.018970489501953,7.600545883178711,1,-40.483612060546875,-7.0863037109375,40.15157439167425,0.0,58.78086129720768,2
1759953430525,178,,90.93594551086426,7.515430450439453,8.022069931030273,1,-47.44476318359375,-12.715362548828125,39.96890253423555,0.0,58.045132683097705,2
1759953430669,179,,89.8294448852539,7.511138916015625,6.067991256713867,1,-46.58514404296875,-8.732147216796875,37.98811835640932,0.0,57.315534888175605,2
1759953430810,180,,91.89939498901367,8.524894714355469,7.016420364379883,1,-46.98139953613281,-8.563095092773438,40.64859065356084,0.0,56.59216912159564,2
1759953430950,181,,90.87991714477539,7.524967193603516,7.019519805908203,1,-41.96563720703125,-10.529220581054688,36.37678469039655,0.0,55.87513069377713,2
1759953431091,182,,87.33725547790527,8.518218994140625,7.025957107543945,1,-42.321746826171875,-10.47955322265625,39.27737267243697,0.0,55.16451519515823,2
1759953431232,183,,95.43156623840332,8.033275604248047,7.025003433227539,1,-46.143463134765625,-12.510040283203125,39.56755008919026,0.0,54.4604231269552,2
1759953431389,184,,94.40946578979492,11.036396026611328,6.517648696899414,1,-39.795501708984375,-9.256011962890625,39.17810371208995,0.0,53.76296351041423,2
1759953431545,185,,109.6193790435791,7.043123245239258,6.522655487060547,1,-45.38517761230469,-11.483749389648438,40.036069756151825,0.0,53.07225685303912,2
1759953431715,186,,101.50766372680664,10.034561157226562,5.529642105102539,1,-46.55708312988281,-10.448760986328125,39.46995301611408,0.0,52.38843774922073,2
1759953431873,187,,99.47395324707031,8.024930953979492,7.017612457275391,1,-43.573944091796875,-9.8094482421875,40.70443613432715,0.0,51.711657325175224,2
1759953432031,188,,102.02455520629883,8.034229278564453,7.03120231628418,1,-44.173187255859375,-8.36083984375,39.28484747074771,0.0,51.042085694961784,2
1759953432188,189,,100.98433494567871,10.025978088378906,6.514072418212891,1,-43.073455810546875,-11.642837524414062,40.64672392927015,0.0,50.37991456949974,2
1759953432343,190,,162.750244140625,10.039329528808594,7.044315338134766,1,-46.97895812988281,-12.032089233398438,41.213205836277524,0.0,49.725360150115065,3
1759953432563,191,,94.89965438842773,9.022235870361328,6.011962890625,1,-42.226348876953125,-9.829483032226562,44.108406707327134,0.0,49.07866644015678,3
1759953432720,192,,97.9161262512207,7.002830505371094,7.009983062744141,1,-42.023529052734375,-10.589324951171875,38.74247647400694,0.0,48.440109122090035,3
1759953432875,193,,87.32962608337402,8.518457412719727,6.517648696899414,1,-44.39198303222656,-8.439773559570312,45.459966594042086,0.0,47.8100001741097,3
1759953433017,194,,94.92611885070801,8.024215698242188,6.519794464111328,1,-43.591156005859375,-9.3314208984375,39.766909222298196,0.0,47.188693442294415,3
1759953433174,195,,94.9106216430664,8.028030395507812,6.5155029296875,1,-42.030242919921875,-9.696121215820312,40.180195813810265,0.0,46.57659144633258,3
1759953433315,196,,97.0301628112793,9.032011032104492,7.5225830078125,1,-45.94818115234375,-10.33941650390625,40.127073946452924,0.0,45.97415378663976,3
1759953433489,197,,131.23321533203125,8.03232192993164,9.047508239746094,1,-47.172698974609375,-12.010421752929688,40.42910075333245,0.0,45.38190765064783,3
1759953433677,198,,107.99026489257812,9.014129638671875,7.531642913818359,1,-47.45233154296875,-12.965606689453125,39.26281578530409,0.0,44.80046110605408,3
1759953433850,199,,102.00214385986328,9.031534194946289,7.031917572021484,1,-45.850433349609375,-12.573089599609375,41.3752205972908,0.0,44.230520151202256,3
1759953434006,200,,105.50332069396973,10.036706924438477,8.048057556152344,1,-43.841888427734375,-11.054519653320312,40.509850349057224,0.0,43.67291092133553,3
1759953434163,201,,102.020263671875,11.030912399291992,7.026910781860352,1,-45.22222900390625,-9.581314086914062,39.28273757533241,0.0,43.12860911637202,3
1759953434320,202,,102.9515266418457,10.039091110229492,7.024526596069336,1,-43.21697998046875,-11.207794189453125,39.41618040147768,0.0,42.598779784367025,3
1759953434476,203,,94.40255165100098,8.533239364624023,8.032798767089844,1,-43.48847961425781,-12.95843505859375,42.85387806042195,0.0,42.08483236575847,3
1759953434634,204,,89.64657783508301,8.023262023925781,6.510496139526367,1,-45.564910888671875,-12.131317138671875,40.21580019189179,0.0,41.58849895706625,3
1759953434775,205,,95.45683860778809,7.511615753173828,7.028102874755859,1,-49.148529052734375,-13.081939697265625,41.43542247256656,0.0,41.11194926994637,3
1759953434931,206,,88.8671875,9.024858474731445,6.016731262207031,1,-47.062286376953125,-12.6536865234375,40.391638666963075,0.0,40.65796630564386,3
1759953435074,207,,96.97628021240234,9.03177261352539,7.518768310546875,1,-46.546966552734375,-10.836395263671875,42.927267656284556,0.0,40.23022835102279,3
1759953435232,208,,98.42729568481445,11.049509048461914,7.031440734863281,1,-47.253753662109375,-12.5716552734375,38.43138208291474,0.0,39.83379109088817,3
1759953435388,209,,107.0702075958252,8.531332015991211,7.517099380493164,1,-42.870941162109375,-12.772735595703125,39.6637627809486,0.0,39.47598408055951,3
1759953435546,210,,101.03416442871094,8.018255233764648,7.025718688964844,1,-43.4619140625,-12.424301147460938,40.042958153235055,0.0,39.16828754487386,3
1759953435705,211,,102.48875617980957,12.550115585327148,6.522893905639648,1,-45.70439147949219,-11.355682373046875,39.41254757647155,0.0,38.93105158165194,3
1759953435862,212,,97.97263145446777,7.5244903564453125,6.523609161376953,1,-44.06817626953125,-13.906143188476562,39.27093411643563,0.0,38.81012152585769,3
1759953436018,213,,95.48830986022949,8.517742156982422,7.516622543334961,1,-45.014556884765625,-12.0452880859375,41.333109783274395,0.0,39.16708506810038,3
1759953436175,214,,99.00021553039551,9.024381637573242,6.527185440063477,1,-44.77986145019531,-11.335540771484375,38.83577363471578,0.0,39.41695954767026,3
1759953436333,215,,90.94476699829102,7.506370544433594,6.028652191162109,1,-49.97369384765625,-14.479660034179688,41.638412748988976,0.0,39.59187168336918,3
1759953436474,216,,90.89899063110352,9.030818939208984,6.508111953735352,1,-45.18701171875,-14.613082885742188,39.16686546716997,0.0,39.714310178358424,3
1759953436615,217,,92.3619270324707,9.018659591674805,5.509614944458008,1,-47.43896484375,-14.749832153320312,40.17163492824777,0.0,39.800017124850896,3
1759953436758,218,,108.55841636657715,8.527040481567383,7.016181945800781,1,-45.147552490234375,-13.187469482421875,39.604867918894236,0.0,39.86001198739562,3
1759953436932,219,,87.94379234313965,9.037017822265625,7.027149200439453,1,-46.38447570800781,-11.157913208007812,39.94912211915154,0.0,39.902008391176935,3
1759953437072,220,,91.21322631835938,7.51185417175293,7.021903991699219,1,-45.75337219238281,-12.726150512695312,42.78441084365576,0.0,39.93140587382385,3
1759953437215,221,,89.90001678466797,8.014917373657227,6.531000137329102,1,-48.37860107421875,-10.41375732421875,41.77807567332384,0.0,39.951984111676694,3
1759953437357,222,,97.47505187988281,8.035898208618164,6.013154983520508,1,-47.693756103515625,-10.733016967773438,43.011856688040474,0.0,39.96638887817369,3
1759953437513,223,,98.5252857208252,8.026361465454102,9.027242660522461,1,-44.70123291015625,-11.102691650390625,43.29438956049935,0.0,39.97647221472158,3
1759953437671,224,,102.45823860168457,8.563518524169922,6.520271301269531,1,-43.88763427734375,-10.374832153320312,42.268840811193925,0.0,39.983530550305105,3
1759953437829,225,,97.46122360229492,8.531332015991211,8.025646209716797,1,-44.63114929199219,-12.566253662109375,37.52845196298968,0.0,39.98847138521357,3
1759953437985,226,,104.52890396118164,10.033130645751953,5.5179595947265625,1,-45.567169189453125,-13.759902954101562,37.7239182782604,0.0,39.9919299696495,3
1759953438141,227,,97.44668006896973,8.023977279663086,7.033348083496094,1,-48.988983154296875,-9.5797119140625,40.50184072340396,0.0,39.994350978754646,3
1759953438301,228,,89.36905860900879,9.025335311889648,7.02977180480957,1,-45.54248046875,-11.85284423828125,42.73401885665839,0.0,39.99604568512825,3
1759953438440,229,,90.13247489929199,8.036136627197266,7.016420364379883,1,-43.743896484375,-13.0406494140625,40.55109295854362,0.0,39.99723197958977,3
1759953438581,230,,92.90432929992676,9.03010368347168,7.029056549072266,1,-45.46319580078125,-12.852996826171875,42.05393757533501,0.0,39.99806238571284,3
1759953438723,231,,91.88628196716309,8.025884628295898,6.5212249755859375,1,-48.89752197265625,-11.613693237304688,36.019220841774754,0.0,39.998643669998984,3
1759953438865,232,,104.00819778442383,8.031129837036133,6.023168563842773,1,-44.23701477050781,-12.442794799804688,39.16216953595501,0.0,39.99905056899929,3
1759953439021,233,,93.90115737915039,8.025884628295898,6.019353866577148,1,-46.981689453125,-11.832183837890625,39.37214860753345,0.0,39.9993353982995,3
1759953439162,234,,91.8569564819336,8.02469253540039,7.025718688964844,1,-51.466796875,-12.183868408203125,39.935498167367335,0.0,39.99953477880965,3
1759953439304,235,,96.97484970092773,7.523298263549805,6.514549255371094,1,-51.67510986328125,-9.576736450195312,38.852240618975614,0.0,39.99967434516675,3
1759953439460,236,,96.4500904083252,8.030414581298828,6.058454513549805,1,-50.75408935546875,-13.4761962890625,38.588208424304234,0.0,39.99977204161672,3
1759953439615,237,,98.03938865661621,9.033441543579102,7.521629333496094,1,-51.953338623046875,-13.450302124023438,37.671463174337546,0.0,39.99984042913171,3
1759953439774,238,,102.52237319946289,9.027719497680664,7.515907287597656,1,-45.5888671875,-9.380752563476562,36.199879063103396,0.0,39.99988830039219,3
1759953439932,239,,95.65114974975586,7.511138916015625,6.022214889526367,1,-52.378387451171875,-10.914230346679688,34.88665471513264,0.0,39.99992181027453,3
1759953440088,240,,96.48752212524414,11.040687561035156,5.51915168762207,1,-45.04827880859375,-12.36273193359375,34.19155979748767,0.0,39.99994526719217,3
1759953440246,241,,94.42520141601562,8.013486862182617,5.013227462768555,1,-38.08781433105469,-13.364334106445312,33.7868541216554,0.0,39.999961687034514,3
1759953440388,242,,89.89858627319336,7.511377334594727,6.518125534057617,1,-39.71513366699219,-13.40509033203125,32.46561477341773,0.0,39.99997318092416,3
1759953440529,243,,91.87626838684082,7.015705108642578,6.515026092529297,1,-40.04376220703125,-13.1552734375,31.82384845982076,0.0,39.99998122664691,3
1759953440670,244,,89.35976028442383,7.02357292175293,7.013797760009766,1,-39.03324890136719,-14.101715087890625,29.453150324500903,0.0,39.99998685865283,3
1759953440810,245,,93.0020809173584,8.012533187866211,8.040904998779297,1,-41.36212158203125,-22.684799194335938,27.453100792044808,0.0,39.99999080105698,3
1759953440951,246,,87.85319328308105,9.021520614624023,7.0247650146484375,1,-40.773193359375,-23.2608642578125,29.03199383154764,0.0,39.99999356073988,3
1759953441091,247,,88.87314796447754,7.528066635131836,6.026268005371094,1,-31.46734619140625,-18.432464599609375,27.935505754915905,0.0,39.99999549251791,3
1759953441233,248,,92.8952693939209,7.519245147705078,7.027864456176758,1,-15.523452758789062,-13.131378173828125,30.03108494542215,0.0,39.999996844762535,3
1759953441388,249,,93.45102310180664,9.023189544677734,6.515264511108398,1,-13.525360107421875,-10.086822509765625,30.561618385449144,0.0,39.99999779133377,3
1759953441545,250,,100.01921653747559,8.033275604248047,6.529808044433594,1,-25.087188720703125,-9.06597900390625,31.269968349493276,0.0,39.999998453933635,3
1759953441701,251,,94.97499465942383,8.022785186767578,7.033586502075195,1,-23.2978515625,-9.358749389648438,31.588273299834228,0.0,39.999998917753544,3
1759953441858,252,,95.90768814086914,9.024381637573242,6.517171859741211,1,-22.023162841796875,-6.816162109375,30.65305928016549,0.0,39.99999924242748,3
1759953442016,253,,98.95730018615723,7.5244903564453125,5.523681640625,1,-10.755340576171875,-5.4429473876953125,28.569812984207665,0.0,39.55838488840057,3
1759953442173,254,,93.98603439331055,8.033990859985352,7.019281387329102,1,-11.152740478515625,-5.862030029296875,28.3282054415106,0.0,39.20411972212064,3
1759953442314,255,,92.40198135375977,8.01849365234375,6.518125534057617,1,-9.710525512695312,-1.8076324462890625,28.771110552634617,0.0,38.97798249396665,3
1759953442455,256,,90.85917472839355,7.518768310546875,6.517648696899414,1,-7.8008270263671875,-0.933837890625,27.375458902275895,0.0,38.87691806271445,3
1759953442597,257,,91.3701057434082,7.521390914916992,6.519556045532227,1,-5.200653076171875,-6.164154052734375,26.784325853411147,0.0,38.886473889072334,3
1759953442738,258,,90.37280082702637,7.510900497436523,6.509304046630859,1,-3.2196197509765625,-1.424774169921875,26.91188218911446,0.0,38.99018365942272,3
1759953442879,259,,90.36540985107422,7.004976272583008,5.513906478881836,1,-9.12158203125,-3.9247589111328125,27.266441801686586,0.0,39.17273037827731,3
1759953443019,260,,89.35427665710449,8.027791976928711,6.509065628051758,1,-4.0207672119140625,0.82208251953125,26.348074267833063,0.0,39.420911264794114,3
1759953443161,261,,87.85486221313477,8.031129837036133,7.033109664916992,1,-2.8092041015625,0.5528717041015625,26.41158002544536,0.0,39.7237541863912,3
1759953443302,262,,96.95577621459961,9.046554565429688,8.023500442504883,1,-2.398712158203125,-1.14337158203125,26.91043574918819,0.0,40.072314447175394,3
1759953443461,263,,97.48077392578125,7.5130462646484375,5.573272705078125,1,-1.9471435546875,1.7980804443359375,26.884803265791817,0.0,40.459373515929386,3
1759953443615,264,,95.9782600402832,8.530378341674805,6.5212249755859375,1,-0.42529296875,0.1038970947265625,26.498191474759437,0.0,40.879132932587716,3
1759953443773,265,,99.01714324951172,10.02955436706543,5.519628524780273,1,-0.8051605224609375,-3.7727508544921875,26.53748322809869,0.0,41.326939868305345,3
1759953443932,266,,97.71490097045898,8.042573928833008,6.025552749633789,1,-3.409332275390625,-6.4382781982421875,26.572313934699658,0.0,41.79905528477814,3
1759953444088,267,,100.99649429321289,8.026361465454102,6.518125534057617,1,1.2294921875,-4.4631805419921875,27.231100498921656,0.0,42.2924644499453,3
1759953444245,268,,92.35763549804688,7.022619247436523,10.033130645751953,1,-0.8292388916015625,-0.383880615234375,27.25792195446879,0.0,42.804725114961705,3
1759953444402,269,,101.98688507080078,10.033607482910156,5.014657974243164,1,-0.8712615966796875,-1.1144866943359375,27.552421259055173,0.0,43.33384735468016,3
1759953444559,270,,117.62237548828125,9.033441543579102,8.061885833740234,1,1.2490081787109375,-0.049530029296875,27.568037056376077,0.0,43.8781991850026,3
1759953444748,271,,118.86429786682129,8.053064346313477,10.034799575805664,1,-4.2104644775390625,-0.4736175537109375,28.41300713176739,0.0,44.43643274991944,3
1759953444936,272,,109.01188850402832,11.029958724975586,9.046792984008789,1,-1.77130126953125,-3.8798828125,28.371278416262882,0.0,45.00742671359029,3
1759953445108,273,,92.90909767150879,8.023500442504883,7.519960403442383,1,-1.070648193359375,-3.7128753662109375,27.959108922139084,0.0,45.59024131349349,3
1759953445250,274,,106.51779174804688,8.021354675292969,8.028268814086914,1,-1.9539794921875,-1.7826080322265625,28.425862588546302,0.0,46.18408325452168,3
1759953445421,275,,101.02272033691406,9.022951126098633,7.0323944091796875,1,-0.894012451171875,0.937347412109375,28.055708952279588,0.0,46.78827822963042,3
1759953445578,276,,99.41482543945312,7.515907287597656,5.003929138183594,1,-1.62017822265625,-2.3558349609375,28.34965145549558,0.0,47.402249343767785,3
1759953445735,277,,100.04806518554688,9.020328521728516,6.516456604003906,1,-2.463134765625,-0.2321014404296875,29.185300709296364,0.0,48.025500107976576,3
1759953445892,278,,94.41566467285156,8.522987365722656,7.019758224487305,1,-2.826690673828125,-0.7651519775390625,29.027354819804444,0.0,48.65760097630432,3
1759953446051,279,,99.91693496704102,9.035348892211914,7.037162780761719,1,-0.77886962890625,1.1413421630859375,28.560644271801934,0.0,49.29817863550636,3
1759953446224,280,,128.01504135131836,8.01229476928711,11.034727096557617,1,0.30340576171875,-3.015869140625,28.493763179492177,0.0,49.94690744060361,3
1759953446410,281,,87.83197402954102,7.020711898803711,7.022619247436523,1,-0.359527587890625,-0.451934814453125,28.558192756149683,0.0,50.60350252996812,2
1759953446550,282,,92.36311912536621,7.519721984863281,5.519390106201172,1,-0.80743408203125,2.144561767578125,27.21631581460037,0.0,51.26771426132212,2
1759953446705,283,,88.35482597351074,8.022069931030273,5.513191223144531,1,-0.246429443359375,1.1293487548828125,27.63635983713271,0.0,51.939323692439714,2
1759953446847,284,,90.37613868713379,9.014368057250977,7.5244903564453125,1,-1.39068603515625,2.76971435546875,27.7593102259846,0.0,52.618138893367984,2
1759953446988,285,,93.84942054748535,7.5092315673828125,6.512641906738281,1,0.32952880859375,1.13873291015625,27.771941092307266,0.0,53.3039919252303,2
1759953447144,286,,90.89517593383789,9.035348892211914,5.000591278076172,1,-1.041412353515625,1.6466827392578125,27.41804754205267,0.0,53.996736357668425,2
1759953447285,287,,106.04476928710938,8.030414581298828,5.516290664672852,1,-1.247955322265625,1.6383514404296875,26.330991483115,0.0,54.69624522542023,2
1759953447456,288,,97.43833541870117,6.519556045532227,8.041143417358398,1,0.863861083984375,2.54443359375,26.800344332902,0.0,55.40240934647429,2
1759953447613,289,,96.94504737854004,7.529735565185547,6.518125534057617,1,1.922149658203125,-0.1468963623046875,27.64962988698449,0.0,56.11513594125513,2
1759953447772,290,,92.91362762451172,8.021116256713867,6.521463394165039,1,-3.2674560546875,3.406494140625,27.326347196086303,0.0,56.83434750556286,2
1759953447925,291,,88.34528923034668,8.020639419555664,8.031368255615234,1,-0.5269012451171875,2.5469818115234375,27.20949962572618,0.0,57.559980900424165,2
1759953448068,292,,93.37544441223145,7.516622543334961,6.509304046630859,1,1.229888916015625,2.38739013671875,26.653389273200055,0.0,58.29198663029691,2
1759953448209,293,,89.85447883605957,8.517026901245117,6.509304046630859,1,1.2062530517578125,3.4753265380859375,27.88817044141868,0.0,59.030328287738,2
1759953448351,294,,90.02423286437988,7.521152496337891,7.026910781860352,1,1.05810546875,-1.0132904052734375,27.488476251296543,0.0,59.77498214810087,2
1759953448492,295,,89.85233306884766,9.023189544677734,7.031917572021484,1,1.399383544921875,2.9329833984375,28.173161307834825,0.0,60.52593690239374,2
1759953448632,296,,90.90018272399902,9.023189544677734,6.01959228515625,1,0.9388427734375,-0.564605712890625,28.064923782688126,0.0,61.28319352035575,2
1759953448773,297,,99.01714324951172,7.512569427490234,6.516456604003906,1,0.0646209716796875,2.214111328125,27.754694052415626,0.0,62.046765239301365,2
1759953448933,298,,94.41757202148438,8.522272109985352,6.521701812744141,1,1.7076568603515625,0.2821044921875,28.404780370028067,0.0,62.81667767751817,2
1759953449086,299,,100.9833812713623,7.0323944091796875,7.035255432128906,1,-0.6496124267578125,6.3413848876953125,27.039336546933544,0.0,63.59296907413543,2
1759953449245,300,,101.47619247436523,7.525920867919922,6.525754928588867,1,-1.70745849609375,5.7881622314453125,27.40280157305665,0.0,64.37569066055498,2
1759953449401,301,,94.46835517883301,10.042905807495117,7.030010223388672,1,0.1494598388671875,5.175048828125,27.375757421192645,0.0,65.16490717190271,2
1759953449558,302,,99.99775886535645,8.510112762451172,5.514383316040039,1,-1.30029296875,3.7115936279296875,27.072020841952018,0.0,65.96069751067633,2
1759953449715,303,,92.41104125976562,8.532524108886719,5.518436431884766,1,-1.6610565185546875,4.63134765625,26.537779096139158,0.0,66.76315557901901,2
1759953449857,304,,90.84224700927734,9.023904800415039,6.52003288269043,1,-1.1292877197265625,2.330718994140625,26.649630689314968,0.0,67.57239130106247,2
1759953449998,305,,87.34011650085449,7.515192031860352,7.514476776123047,1,-1.6727447509765625,4.9293975830078125,25.86784134124933,0.0,68.38853186283706,2
1759953450139,306,,91.84885025024414,7.519960403442383,6.511211395263672,1,-0.24658203125,5.9787139892578125,25.64492015122744,0.0,69.21172320470666,2
1759953450281,307,,92.21148490905762,7.516622543334961,7.026195526123047,1,-1.0259246826171875,1.5370330810546875,26.148041037438453,0.0,70.04213181063378,2
1759953450421,308,,92.83328056335449,7.51042366027832,6.018877029418945,1,-1.28936767578125,0.6474151611328125,25.237992416769362,0.0,70.87994685047013,2
1759953450563,309,,93.41716766357422,7.521152496337891,6.513357162475586,1,-1.3423614501953125,2.4061126708984375,25.83851359214438,0.0,71.72538274679434,2
1759953450704,310,,89.91193771362305,8.01849365234375,6.509065628051758,1,-1.5858001708984375,1.0743255615234375,24.888767212183556,0.0,72.57868225783227,2
1759953450845,311,,97.45359420776367,7.025480270385742,8.034467697143555,1,-2.5893402099609375,6.85687255859375,25.046262154158104,0.0,73.44012019446288,2
1759953451001,312,,92.93699264526367,9.024620056152344,7.032155990600586,1,-1.99676513671875,4.9583892822265625,25.848024492015448,0.0,74.31000792477069,2
1759953451143,313,,101.98044776916504,10.024070739746094,6.518363952636719,1,-2.2176971435546875,5.076019287109375,24.460417430844885,0.0,75.1886988677571,1
1759953451299,314,,99.98512268066406,8.017301559448242,6.513357162475586,1,-1.1600494384765625,7.356689453125,25.969102357448946,0.0,76.07659524415645,1
1759953451456,315,,96.45414352416992,8.52060317993164,6.003856658935547,1,-1.530914306640625,6.2882080078125,25.711386391924016,0.0,76.97415644511648,1
1759953451612,316,,98.0074405670166,8.522748947143555,8.040428161621094,1,-2.171600341796875,6.5099334716796875,25.074619748723087,0.0,77.88190951158154,1
1759953451769,317,,89.84375,7.510185241699219,6.51097297668457,1,-0.2479095458984375,1.93450927734375,24.60583047281095,0.0,78.80046240870769,1
1759953451911,318,,90.8513069152832,7.516622543334961,6.020784378051758,1,-2.202911376953125,4.355712890625,24.888967676544787,0.0,79.73052106305977,1
1759953452052,319,,88.86575698852539,7.520198822021484,6.020784378051758,1,-4.2579345703125,0.5267333984375,25.21449067323084,0.0,80.67291155963578,1
1759953452194,320,,90.86012840270996,8.017778396606445,5.516767501831055,1,2.0368194580078125,1.375885009765625,25.55065945796585,0.0,81.62860956318218,1
1759953452333,321,,89.8749828338623,8.018016815185547,6.023406982421875,1,1.81903076171875,1.1609344482421875,26.295553926128356,0.0,82.59878009713414,1
1759953452474,322,,90.85726737976074,8.034467697143555,6.512641906738281,1,-2.9190826416015625,-1.154205322265625,26.419688427251415,0.0,83.58483258469545,1
1759953452615,323,,90.84939956665039,10.0250244140625,6.521463394165039,1,-3.0922698974609375,2.0137481689453125,27.468826759211332,0.0,84.58849911032213,1
1759953452756,324,,99.97987747192383,8.021116256713867,7.524013519287109,1,-3.62274169921875,3.5382537841796875,27.675692926060627,0.0,85.61194937722549,1
1759953452914,325,,95.95036506652832,7.52568244934082,6.511926651000977,1,-3.5455322265625,2.7230682373046875,27.103684129959817,0.0,86.65796638073924,1
1759953453071,326,,97.46527671813965,8.039474487304688,7.032871246337891,1,-3.6158905029296875,-0.2534637451171875,27.15657349018793,0.0,87.73022840358955,1
1759953453228,327,,101.50957107543945,7.529258728027344,7.515907287597656,1,-2.932342529296875,2.121063232421875,27.457999413217735,0.0,88.83379112768489,1
1759953453385,328,,96.92788124084473,7.519721984863281,6.517648696899414,1,-3.4759063720703125,1.995635986328125,27.150682899030084,0.0,89.97598410631721,1
1759953453542,329,,100.95858573913574,9.022951126098633,7.023334503173828,1,-3.750274658203125,3.0442047119140625,27.280479050341196,0.0,91.16828756290424,1
1759953453699,330,,88.31548690795898,8.028030395507812,5.523443222045898,1,-0.569854736328125,-1.62322998046875,27.729891495045344,0.0,92.4310515942732,1
1759953453841,331,,90.91067314147949,7.51805305480957,7.021188735961914,1,-4.0250701904296875,1.97021484375,27.729891495045344,0.0,93.81012153469257,1
1759953453981,332,,91.88652038574219,6.516695022583008,7.026195526123047,1,-3.517303466796875,-1.4160614013671875,28.013660673488808,0.0,95.6670850742848,1
1759953454124,333,,93.38092803955078,8.516073226928711,6.511926651000977,1,-1.248809814453125,2.51690673828125,26.750377115883644,0.0,96.96695955199935,1
1759953454265,334,,97.44834899902344,7.026195526123047,6.521463394165039,1,-1.1434326171875,0.5489654541015625,27.053252582195363,0.0,97.87687168639954,1
1759953454421,335,,91.3991928100586,8.531332015991211,6.018877029418945,1,0.1412506103515625,0.04119873046875,26.593243506488232,0.0,98.51381018047967,1
1759953454562,336,,95.9322452545166,7.518529891967773,7.0209503173828125,1,-2.44964599609375,3.7006683349609375,26.120825581658334,0.0,98.95966712633576,1
1759953454720,337,,96.42434120178223,9.033203125,5.511760711669922,1,-0.70001220703125,2.81085205078125,25.911213364292642,0.0,99.27176698843503,1
1759953454877,338,,95.46732902526855,8.525848388671875,5.517244338989258,1,-2.07293701171875,3.725250244140625,26.310780002056042,0.0,99.49023689190452,1
1759953455034,339,,95.43752670288086,9.025335311889648,5.508184432983398,1,-1.2859954833984375,4.4940948486328125,26.731661159685885,0.0,99.64316582433315,1
1759953455191,340,,100.9683609008789,9.027957916259766,6.024360656738281,1,-0.609588623046875,3.027740478515625,26.791468535849557,0.0,99.7502160770332,1
1759953455348,341,,96.95196151733398,10.039329528808594,6.231784820556641,1,-0.3974761962890625,2.8625335693359375,26.102535016771075,0.0,99.82515125392324,1
1759953455505,342,,127.56037712097168,8.034229278564453,8.040904998779297,1,0.5203704833984375,0.7059326171875,26.862100254033436,0.0,99.87760587774626,1
1759953455693,343,,90.85702896118164,8.022069931030273,5.51295280456543,1,-2.182586669921875,0.9564208984375,27.05639129652749,0.0,99.91432411442239,1
1759953455835,344,,89.88356590270996,8.024930953979492,5.519390106201172,1,1.1951446533203125,0.0358734130859375,27.343897536568736,0.0,99.94002688009566,1
1759953455977,345,,94.40898895263672,7.526397705078125,6.519556045532227,1,0.58251953125,1.8600311279296875,26.66340231816462,0.0,99.95801881606695,1
1759953456134,346,,88.93823623657227,7.510185241699219,5.513906478881836,1,0.2165069580078125,2.4144439697265625,28.13700734942086,0.0,99.97061317124687,1
1759953456276,347,,92.87786483764648,7.016658782958984,7.021188735961914,1,-1.9023895263671875,-2.60516357421875,27.9225363788593,0.0,99.9794292198728,1
1759953456433,348,,89.36905860900879,7.5244903564453125,5.026817321777344,1,1.00830078125,-0.58526611328125,27.807985002841967,0.0,99.98560045391095,1
1759953456573,349,,102.53453254699707,8.029699325561523,5.003452301025391,1,1.40472412109375,-1.5432891845703125,28.433949114804328,0.0,99.98992031773766,1
1759953456731,350,,101.0744571685791,8.038043975830078,8.034467697143555,1,2.213623046875,-0.20623779296875,27.48681952479027,0.0,99.99294422241636,1
1759953456888,351,,96.4968204498291,9.02104377746582,7.521152496337891,1,1.2114715576171875,0.333740234375,27.68707121317381,0.0,99.99506095569144,1
1759953457044,352,,95.44563293457031,7.521867752075195,5.513906478881836,1,2.0711669921875,2.224884033203125,27.08714931632813,0.0,99.996542668984,1
1759953457201,353,,98.47879409790039,10.025978088378906,6.023883819580078,1,1.500152587890625,2.9263153076171875,27.572731497734228,0.0,99.9975798682888,1
1759953457358,354,,95.94607353210449,9.02414321899414,7.050991058349609,1,-0.15771484375,1.707366943359375,27.82737567769627,0.0,99.99830590780215,1
1759953457514,355,,90.91067314147949,9.02557373046875,5.516290664672852,1,1.486663818359375,0.5303497314453125,27.304888416082356,0.0,99.9988141354615,1
1759953457655,356,,91.85552597045898,8.033990859985352,7.016181945800781,1,-0.0740966796875,1.81671142578125,26.51986897307473,0.0,99.99916989482304,1
1759953457795,357,,94.41637992858887,8.029460906982422,8.021831512451172,1,0.6285247802734375,1.9000396728515625,27.20065297258293,0.0,99.99941892637612,1
1759953457937,358,,90.35587310791016,8.031845092773438,5.513429641723633,1,0.3807830810546875,1.48779296875,27.003660118819788,0.0,99.99959324846328,1
1759953458075,359,,90.31867980957031,8.018970489501953,7.020711898803711,1,2.259918212890625,5.1378326416015625,27.772239786108152,0.0,99.9997152739243,1
1759953458217,360,,92.38934516906738,8.032798767089844,6.014108657836914,1,3.842803955078125,-0.1982879638671875,26.421006709118892,0.0,99.999800691747,1
1759953458358,361,,94.83122825622559,7.028341293334961,7.026433944702148,1,7.451263427734375,-3.042266845703125,27.37805152534552,0.0,99.99986048422289,1
1759953458515,362,,93.46818923950195,7.523536682128906,5.5141448974609375,1,11.1473388671875,-3.2197418212890625,25.958697227522237,0.0,99.99990233895602,1
1759953458670,363,,97.50676155090332,9.541034698486328,7.0247650146484375,1,18.531784057617188,-4.295684814453125,25.198105570943333,0.0,99.10831705597055,1
1759953458827,364,,95.02053260803223,17.04549789428711,7.138967514038086,1,22.306472778320312,-9.383529663085938,23.622310863820893,0.0,97.98907223941961,1
1759953458984,365,,100.03995895385742,9.033441543579102,5.520820617675781,1,15.975006103515625,-9.104263305664062,23.946362470486,0.0,96.77744925607593,1
1759953459140,366,,97.41997718811035,9.520292282104492,7.021188735961914,1,22.186004638671875,-11.432357788085938,24.480075463873447,0.0,95.53654479619095,1
1759953459295,367,,98.96326065063477,8.019208908081055,5.514860153198242,1,24.343841552734375,-13.458526611328125,24.163159361979588,0.0,94.29821260250587,1
1759953459451,368,,95.43919563293457,7.533550262451172,7.0285797119140625,1,22.331787109375,-13.865570068359375,25.8874038140438,0.0,93.0784007588262,1
1759953459595,369,,95.92700004577637,8.023500442504883,6.5212249755859375,1,39.63328552246094,-12.171493530273438,27.62571298950317,0.0,91.88448234785974,1
1759953459752,370,,88.8526439666748,6.515026092529297,5.01561164855957,1,36.92291259765625,-11.34759521484375,27.411871200749115,0.0,90.71913764350182,1
1759953459892,371,,86.87353134155273,8.008241653442383,7.027149200439453,1,41.68223571777344,-13.851821899414062,28.11801695176851,0.0,89.5825126514866,1
1759953460034,372,,93.53041648864746,7.523536682128906,6.517648696899414,1,47.425567626953125,-15.197525024414062,30.097356910023983,0.0,88.47344537274216,1
1759953460175,373,,90.8501148223877,10.03122329711914,7.030010223388672,1,49.598480224609375,-12.7994384765625,30.077326926969775,0.0,87.39016516382613,1
1759953460318,374,,89.89930152893066,8.014917373657227,6.508588790893555,1,53.83506774902344,-17.297805786132812,32.93297196912853,0.0,86.33068708611543,1
1759953460461,375,,91.89391136169434,8.532285690307617,6.022453308105469,1,56.01899719238281,-17.80157470703125,33.67407052816531,0.0,85.29302777577475,1
1759953460601,376,,181.7638874053955,10.03408432006836,42.685508728027344,1,54.96446228027344,-17.871429443359375,38.81450419407565,0.061487932365244684,84.26609363015194,1
1759953460881,377,,198.8544464111328,11.040449142456055,6.020545959472656,1,55.290740966796875,-17.633132934570312,37.879457526166156,0.061487932365244684,83.25094491199738,1
1759953461149,378,,131.1342716217041,9.033203125,9.049177169799805,1,57.07177734375,-16.282470703125,42.848598739019515,0.061487932365244684,82.2479918688338,1
1759953461354,379,,122.67065048217773,13.032913208007812,9.030342102050781,1,58.67124938964844,-19.440414428710938,49.00137275578881,0.061487932365244684,81.25724132297147,1
1759953461541,380,,99.00689125061035,7.050991058349609,8.034944534301758,1,58.67481994628906,-20.203826904296875,54.95848620557673,0.061487932365244684,80.27845901353257,1
1759953461699,381,,107.55300521850586,9.035825729370117,6.516933441162109,1,62.81779479980469,-20.576126098632812,55.76854465933957,0.061487932365244684,79.31127549076169,1
1759953461855,382,,98.99210929870605,11.034011840820312,5.521059036254883,1,65.17074584960938,-17.016693115234375,58.98718246347289,0.061487932365244684,78.35525430319635,1
1759953462020,383,,138.04006576538086,11.044740676879883,11.032819747924805,1,65.11253356933594,-15.883056640625,68.56015521149624,0.061487932365244684,77.40993510737944,1
1759953462218,384,,89.8752212524414,17.037630081176758,6.519794464111328,1,65.89376831054688,-14.63006591796875,72.06363754392954,0.061487932365244684,76.47486020154876,1
1759953462361,385,,91.8569564819336,8.025884628295898,7.04503059387207,1,62.33514404296875,-15.218795776367188,79.21757762065592,0.061487932365244684,75.54959019400152,1
1759953462501,386,,90.88683128356934,8.028268814086914,6.015777587890625,1,61.65777587890625,-20.696929931640625,86.82480344149127,0.061487932365244684,74.6337126304249,2
1759953462642,387,,90.96312522888184,8.52513313293457,5.515098571777344,1,65.64630126953125,-20.839080810546875,76.4434618622576,0.061487932365244684,73.72684613037912,2
1759953462785,388,,92.41938591003418,7.017850875854492,5.509376525878906,1,62.55242919921875,-18.759597778320312,73.96693284508581,0.061487932365244684,72.82864172387389,2
1759953462925,389,,85.34622192382812,7.527351379394531,6.516933441162109,1,65.81959533691406,-21.232208251953125,78.26136688259817,0.061487932365244684,71.93878250083804,2
1759953463066,390,,91.4452075958252,10.033130645751953,5.00798225402832,1,62.86552429199219,-20.734970092773438,69.29377715983408,0.061487932365244684,71.05698229851399,2
1759953463207,391,,98.48308563232422,7.027149200439453,7.522106170654297,1,64.29476928710938,-18.644119262695312,76.60481491229432,0.061487932365244684,70.18298389282879,2
1759953463363,392,,97.94807434082031,7.5321197509765625,7.523059844970703,1,65.29083251953125,-18.89715576171875,78.12268442936421,0.061487932365244684,69.3165569877932,2
1759953463521,393,,98.97780418395996,9.02700424194336,7.032632827758789,1,65.95364379882812,-21.485092163085938,82.93516355355558,0.061487932365244684,68.45749618358332,2
1759953463676,394,,98.44040870666504,8.028507232666016,7.049322128295898,1,62.03761291503906,-20.740386962890625,84.77513619647617,0.061487932365244684,67.60561902992755,2
1759953463833,395,,96.43697738647461,7.5244903564453125,5.516767501831055,1,63.63923645019531,-19.306259155273438,80.82843257800441,0.061487932365244684,66.76076422372627,2
1759953463989,396,,98.00863265991211,8.026838302612305,6.518125534057617,1,59.60206604003906,-18.29388427734375,76.78215587545535,0.061487932365244684,65.92278997966508,2
1759953464145,397,,89.87116813659668,8.012771606445312,5.515813827514648,1,61.16209411621094,-19.1572265625,87.50781896135997,0.061487932365244684,65.09157258401258,2
1759953464285,398,,90.37947654724121,8.026361465454102,7.027626037597656,1,62.449554443359375,-20.127395629882812,77.07543278516115,0.061487932365244684,64.26700513082885,2
1759953464425,399,,94.40279006958008,7.020473480224609,5.521059036254883,1,58.575775146484375,-19.452789306640625,84.32559097886725,0.061487932365244684,63.44899643378844,2
1759953464567,400,,96.37904167175293,8.024930953979492,6.511449813842773,1,61.051910400390625,-20.683151245117188,80.47832172762224,0.061487932365244684,62.63747010396651,2
1759953464725,401,,88.87338638305664,8.029460906982422,5.512237548828125,1,59.28398132324219,-19.9969482421875,86.16650434381879,0.061487932365244684,61.83236378308227,2
1759953464866,402,,89.80607986450195,7.518529891967773,6.515741348266602,1,60.14695739746094,-20.554580688476562,78.95449376964416,0.061487932365244684,61.033628522078345,2
1759953465006,403,,95.38006782531738,8.522272109985352,7.029533386230469,1,55.656890869140625,-24.2127685546875,72.50217872251947,0.061487932365244684,60.241228296050984,2
1759953465163,404,,92.91362762451172,7.014989852905273,7.040977478027344,1,55.418670654296875,-25.537002563476562,65.3321337170809,0.061487932365244684,59.45513964813114,2
1759953465320,405,,94.93374824523926,8.01849365234375,7.029533386230469,1,52.48863220214844,-26.805770874023438,65.95607167040049,0.061487932365244684,58.675351456771324,2
1759953465475,406,,97.46932983398438,10.030508041381836,7.025480270385742,1,53.44767761230469,-28.159576416015625,62.739974374714755,0.061487932365244684,57.901864822921674,2
1759953465635,407,,120.60809135437012,8.524894714355469,6.522417068481445,1,52.665374755859375,-27.325286865234375,66.10944714751665,0.061487932365244684,57.13469307574432,2
1759953465805,408,,94.46096420288086,8.032560348510742,7.030963897705078,1,52.51423645019531,-28.316604614257812,57.60814517891141,0.061487932365244684,56.373861897820284,2
1759953465948,409,,90.85869789123535,8.019685745239258,6.518125534057617,1,51.640533447265625,-29.5430908203125,58.40578856566819,0.061487932365244684,55.61940957328416,2
1759953466089,410,,89.85733985900879,8.014202117919922,6.5174102783203125,1,47.23854064941406,-31.073379516601562,58.294646739973174,0.061487932365244684,54.87138736504156,2
1759953466231,411,,92.88454055786133,7.516384124755859,6.017446517944336,1,41.55401611328125,-29.887344360351562,59.853881716168026,0.061487932365244684,54.129860030271004,2
1759953466371,412,,91.91346168518066,8.01992416381836,7.025718688964844,1,54.956298828125,-28.6591796875,58.2858884283596,0.061487932365244684,53.39490648690703,2
1759953466511,413,,94.3906307220459,8.530378341674805,8.046388626098633,1,50.659027099609375,-30.149139404296875,57.15447759798192,0.061487932365244684,52.66662064789862,2
1759953466654,414,,90.87800979614258,9.083986282348633,6.512880325317383,1,50.0059814453125,-32.15394592285156,54.158204971885084,0.061487932365244684,51.945112444941515,2
1759953466795,415,,99.47538375854492,8.029937744140625,7.007360458374023,1,47.725006103515625,-29.973190307617188,56.546135687394184,0.061487932365244684,51.230509069360934,2
1759953466952,416,,93.93072128295898,8.025646209716797,7.0285797119140625,1,52.125823974609375,-28.973831176757812,55.92984659222774,0.061487932365244684,50.522956465227125,2
1759953467092,417,,100.98505020141602,9.029388427734375,7.0323944091796875,1,46.64128112792969,-29.27154541015625,56.95707984154704,0.061487932365244684,49.82262111909707,3
1759953467249,418,,98.00052642822266,7.521867752075195,6.521940231323242,1,54.09620666503906,-29.855758666992188,57.12184706001531,0.061487932365244684,49.12969220263862,3
1759953467405,419,,113.77668380737305,11.031627655029297,6.517648696899414,1,47.46766662597656,-29.08172607421875,59.15244481896349,0.061487932365244684,48.44438413970167,3
1759953467580,420,,153.9170742034912,7.529020309448242,8.054733276367188,1,54.316253662109375,-30.765151977539062,58.90855415642551,0.061487932365244684,47.766939689402,3
1759953467795,421,,122.16877937316895,10.015726089477539,8.038759231567383,1,53.962799072265625,-30.162109375,56.62421635881756,0.061487932365244684,47.0976336632415,3
1759953467983,422,,95.35837173461914,7.014751434326172,6.524324417114258,1,48.682891845703125,-30.09765625,57.3553759336249,0.061487932365244684,46.43677742974076,3
1759953468139,423,,89.9045467376709,8.536100387573242,5.506038665771484,1,46.633026123046875,-28.918380737304688,57.355973599573694,0.061487932365244684,45.78472440820638,3
1759953468280,424,,88.84119987487793,9.020090103149414,6.5288543701171875,1,51.60987854003906,-29.850845336914062,56.091136151067545,0.061487932365244684,45.14187681958641,3
1759953468420,425,,90.35658836364746,14.546871185302734,6.519079208374023,1,53.25341796875,-30.082748413085938,57.325082574878564,0.061487932365244684,44.50869405517811,3
1759953468560,426,,92.32735633850098,7.513284683227539,6.538867950439453,1,51.556182861328125,-30.830398559570312,57.78324848064672,0.061487932365244684,43.88570315603055,3
1759953468701,427,,100.95953941345215,8.534669876098633,7.026433944702148,1,49.61262512207031,-28.074676513671875,60.39468819147373,0.061487932365244684,43.27351208737308,3
1759953468858,428,,101.53841972351074,9.032011032104492,6.195306777954102,1,49.301727294921875,-28.057205200195312,54.88964171684462,0.061487932365244684,42.67282677582186,3
1759953469014,429,,107.54823684692383,11.034965515136719,8.54182243347168,1,46.817108154296875,-31.201995849609375,56.55428293240517,0.061487932365244684,42.084473306410764,3
1759953469185,430,,95.46065330505371,10.026216506958008,8.050680160522461,1,43.664398193359375,-29.421722412109375,56.43507101941715,0.061487932365244684,41.50942734391141,3
1759953469341,431,,98.49095344543457,8.02469253540039,7.517576217651367,1,50.959075927734375,-29.84515380859375,54.704728937174245,0.061487932365244684,40.948853911776546,3
1759953469498,432,,109.94791984558105,8.53276252746582,6.513357162475586,1,43.66815185546875,-31.825836181640625,54.124283027253625,0.061487932365244684,40.4041624332223,3
1759953469671,433,,112.07365989685059,10.038375854492188,8.036613464355469,1,43.49360656738281,-31.769073486328125,54.58803151254438,0.061487932365244684,39.87708499271329,3
1759953469843,434,,113.60979080200195,12.050628662109375,9.543418884277344,1,49.59205627441406,-31.29248046875,58.8828824993881,0.061487932365244684,39.36979129346689,3
1759953470051,435,,239.3479347229004,9.02247428894043,10.56528091430664,1,52.00028991699219,-31.16790771484375,53.13017935439913,0.061487932365244684,38.885064330821024,3
1759953470358,436,,104.01654243469238,10.024070739746094,6.03032112121582,1,50.46577453613281,-29.876678466796875,51.754564020785665,0.061487932365244684,38.426582387504816,3
1759953470512,437,,117.6450252532959,10.02359390258789,7.520437240600586,1,49.170928955078125,-28.943145751953125,54.465002369743345,0.061487932365244684,37.99940114542881,3
1759953470684,438,,112.60366439819336,7.520437240600586,6.511449813842773,1,49.28662109375,-28.9254150390625,51.995001038802585,0.061487932365244684,37.610850157886404,3
1759953470857,439,,98.47378730773926,9.018898010253906,4.511117935180664,1,47.64625549316406,-26.989730834960938,51.487791811297434,0.061487932365244684,37.27240964829633,3
1759953471013,440,,107.17082023620605,7.5244903564453125,7.522821426391602,1,48.164642333984375,-27.66961669921875,51.32977462234284,0.061487932365244684,37.00442971348654,3
1759953471169,441,,107.15556144714355,8.037090301513672,6.518840789794922,1,55.27821350097656,-26.991104125976562,56.38178618079715,0.061487932365244684,36.85275568772599,3
1759953471324,442,,102.56218910217285,10.017633438110352,6.517648696899414,1,56.26214599609375,-27.122344970703125,56.68443435576373,0.061487932365244684,37.17897526113748,3
